hours_study,attendance_rate,gpa_prev,extra_activities,sleep_hours,social_media_hours,gender,city,passed
20.0,88.6,2.58,4,7.5,2.8,Male,Cairo,1
21.8,88.9,,2,7.5,2.7,Female,Alexandria,1
18.4,80.8,2.7,3,6.0,2.4,Male,Giza,1
14.7,100.0,2.27,1,6.3,3.7,Female,Alexandria,1
17.3,88.7,3.27,0,4.5,0.0,Male,Cairo,1
14.1,100.0,2.48,3,5.9,3.0,Male,Cairo,1
20.4,94.6,2.5,1,4.8,1.0,Female,Giza,1
28.0,78.4,1.97,2,7.5,0.6,Female,Cairo,1
17.0,81.2,2.33,5,7.1,2.4,Female,Alexandria,1
16.3,89.4,3.19,0,8.1,1.8,Male,Giza,1
22.9,85.6,1.83,3,7.4,3.3,Male,Giza,0
22.1,,2.76,4,6.2,4.1,Male,Alexandria,1
20.6,82.1,3.23,2,7.4,0.0,Male,Giza,1
14.4,66.9,2.57,4,6.5,2.3,Female,Cairo,1
19.8,,2.94,0,7.7,5.3,Male,Giza,1
24.2,62.8,2.13,5,7.4,3.7,Male,Alexandria,1
11.9,88.7,3.59,5,5.8,4.6,Male,Cairo,1
17.3,77.7,3.46,0,7.0,2.6,Female,Giza,1
8.6,77.8,2.94,3,7.1,0.3,Male,Cairo,1
12.3,,1.75,5,6.6,0.7,Male,Giza,1
8.9,87.7,2.17,0,8.1,3.5,Female,Cairo,0
18.6,70.7,,4,9.1,3.8,Male,Alexandria,1
12.4,67.5,3.83,2,6.6,1.3,Female,Cairo,1
21.6,74.3,,1,6.6,2.0,Male,Alexandria,1
20.9,64.6,3.55,5,4.3,2.8,Male,Cairo,1
18.9,75.3,2.44,2,6.8,0.0,Female,Giza,0
4.9,100.0,2.69,1,6.5,1.9,Female,Cairo,1
16.8,74.4,2.8,3,4.4,4.8,Male,Alexandria,1
19.7,91.5,3.05,3,7.3,5.7,Male,Giza,1
20.7,71.3,1.88,1,7.7,,Male,Cairo,1
10.8,88.0,3.36,4,6.1,,Male,Alexandria,1
17.1,81.8,3.59,0,6.6,1.6,Male,Cairo,1
,84.4,2.11,3,5.8,1.2,Female,Alexandria,1
15.1,90.7,1.99,5,7.9,0.0,Female,Giza,1
26.4,100.0,3.01,4,5.2,3.8,Male,Cairo,1
15.2,86.9,2.41,0,6.6,1.9,Female,Giza,1
19.8,86.2,1.38,4,9.3,5.9,Male,Cairo,1
25.3,75.3,3.29,2,7.1,2.9,Female,Cairo,1
16.5,90.8,2.89,0,7.6,2.7,Male,Giza,1
19.3,82.5,2.51,2,6.8,0.0,Male,Cairo,1
20.7,93.3,4.0,1,5.6,4.7,Male,Cairo,1
20.4,84.6,2.88,5,7.0,1.9,Male,Cairo,1
12.6,100.0,2.35,2,7.5,2.2,Female,Giza,1
20.5,65.2,2.86,3,5.8,0.0,Male,Giza,1
28.2,82.0,2.18,3,7.4,3.8,Male,Alexandria,1
10.7,93.8,2.34,2,8.5,3.9,Male,Alexandria,1
25.2,81.5,3.03,0,8.3,1.5,Female,Alexandria,1
20.7,77.1,2.47,5,5.1,2.6,Male,Giza,1
16.2,82.3,2.53,1,5.8,3.0,Male,Cairo,1
32.0,71.2,3.8,2,5.1,3.9,Male,Alexandria,1
24.6,86.2,3.32,2,8.3,2.6,Female,Giza,1
12.8,100.0,3.28,4,7.7,5.0,Male,Cairo,1
20.4,96.5,3.12,0,7.8,2.1,Male,Cairo,1
23.5,73.9,3.09,1,5.9,1.5,Female,Giza,0
18.9,76.3,3.67,5,5.6,1.7,Male,Cairo,1
24.1,81.0,2.79,4,7.1,0.0,Female,Cairo,1
,95.0,3.91,3,7.1,1.2,Female,Giza,1
24.0,76.8,2.23,4,6.0,3.9,Female,Alexandria,1
28.6,78.1,2.65,2,7.2,2.8,Female,Alexandria,1
15.9,93.8,1.97,4,7.8,1.2,Female,Cairo,1
21.2,93.6,2.59,4,7.3,2.9,Male,Alexandria,1
17.2,81.3,3.11,2,5.8,0.0,Male,Cairo,1
20.8,73.8,3.67,4,4.5,,Female,Alexandria,1
12.9,69.5,2.4,1,6.7,3.2,Female,Alexandria,1
16.5,78.0,2.8,1,7.2,3.5,Female,Giza,1
18.8,62.7,2.58,3,6.7,18.6,Male,Alexandria,1
25.4,92.5,2.36,0,6.5,3.8,Male,Giza,1
26.9,78.7,2.09,5,6.2,5.2,Male,Cairo,1
12.1,89.8,2.84,4,7.9,,Male,Alexandria,1
15.2,100.0,1.76,1,6.9,3.5,Female,Cairo,1
23.9,96.7,2.87,1,7.1,,Male,Alexandria,1
8.0,73.5,2.81,0,5.8,,Female,Alexandria,1
17.2,93.7,2.41,2,6.3,3.3,Female,Cairo,1
19.4,96.6,2.19,1,7.2,2.5,Female,Alexandria,1
27.5,77.5,1.97,5,5.8,2.7,Female,Giza,0
24.1,75.5,3.92,5,5.5,1.5,Male,Cairo,1
18.0,83.9,,1,6.6,2.0,Female,Alexandria,1
17.8,69.0,3.73,0,8.4,3.6,Male,Giza,1
18.5,99.7,3.16,1,7.2,5.0,Male,Cairo,1
,60.9,2.58,0,8.8,18.6,Female,Cairo,1
17.4,73.9,2.11,4,6.8,0.0,Male,Alexandria,1
18.2,,3.43,0,6.6,4.3,Female,Alexandria,1
22.1,82.7,3.84,1,5.3,3.3,Female,Giza,1
19.3,86.7,2.24,5,6.3,3.4,Female,Alexandria,1
18.8,87.7,2.62,4,8.7,2.7,Male,Alexandria,1
13.3,82.9,3.43,2,7.4,5.9,Male,Cairo,1
19.9,96.4,3.0,0,7.9,2.5,Male,Giza,1
17.3,63.6,4.0,4,7.8,3.2,Male,Giza,1
27.0,,2.46,1,7.0,0.0,Male,Cairo,1
23.9,77.9,3.13,4,6.8,1.6,Female,Alexandria,1
19.9,86.3,2.05,4,7.1,1.4,Female,Giza,1
24.0,87.2,4.0,2,7.8,2.4,Male,Alexandria,1
18.0,75.9,2.36,0,7.5,,Female,Giza,1
26.3,78.6,1.48,4,7.6,1.3,Male,Cairo,1
20.0,92.9,2.72,5,7.2,5.0,Female,Alexandria,1
23.5,88.5,2.72,2,6.1,,Female,Alexandria,1
12.3,,3.95,2,6.7,1.7,Female,Cairo,1
22.1,100.0,2.6,3,5.9,2.8,Female,Alexandria,1
9.9,100.0,,5,8.2,0.5,Female,Cairo,1
7.8,70.4,3.16,1,4.5,3.3,Female,Alexandria,0
18.2,88.0,3.75,1,6.7,3.4,Male,Alexandria,1
14.6,100.0,2.76,0,9.9,2.0,Male,Alexandria,1
21.0,92.8,3.42,0,6.6,5.3,Male,Cairo,1
33.5,87.2,3.11,3,5.6,2.5,Female,Cairo,1
15.0,82.9,2.62,5,7.0,2.8,Male,Giza,1
16.3,79.6,2.85,1,8.5,1.0,Female,Alexandria,1
21.2,,2.82,1,6.8,0.0,Male,Cairo,1
23.0,79.5,2.25,1,7.7,1.5,Female,Cairo,1
18.9,92.4,3.53,1,7.1,1.9,Female,Alexandria,1
18.8,81.0,1.97,5,6.6,1.7,Female,Cairo,1
24.2,80.6,3.5,5,10.8,3.6,Male,Giza,1
23.1,73.0,3.37,2,7.1,0.0,Female,Cairo,1
13.8,84.5,2.74,2,6.4,0.7,Male,Giza,1
19.5,76.1,2.34,0,6.4,0.0,Female,Alexandria,1
20.2,83.2,2.66,1,7.5,4.4,Male,Alexandria,1
13.7,95.4,3.08,3,7.5,1.6,Male,Alexandria,1
21.6,88.7,3.25,0,7.9,1.7,Female,Alexandria,1
14.9,90.0,2.97,3,7.2,0.8,Female,Cairo,1
25.8,88.6,3.4,3,5.3,3.8,Female,Alexandria,1
21.2,85.6,2.47,0,7.6,1.8,Female,Cairo,1
,83.7,2.94,2,6.6,2.8,Female,Cairo,1
16.5,81.9,1.86,2,6.7,0.0,Female,Giza,1
19.3,92.6,3.26,0,5.2,4.2,Female,Giza,1
8.0,74.2,2.89,3,6.3,3.0,Male,Alexandria,1
,98.4,2.55,5,6.1,3.3,Male,Cairo,1
22.2,85.3,3.5,1,7.0,4.3,Male,Alexandria,1
7.2,77.5,3.21,3,5.3,2.1,Male,Alexandria,1
25.1,80.1,1.11,5,7.1,2.2,Male,Cairo,1
9.5,78.2,2.82,5,7.1,3.5,Male,Cairo,1
24.5,86.6,1.93,4,5.7,3.1,Female,Alexandria,1
14.9,77.8,3.44,2,6.3,2.1,Female,Cairo,1
24.7,96.4,4.0,3,6.0,2.5,Male,Alexandria,1
20.8,,2.49,0,8.1,1.7,Male,Cairo,1
10.8,62.3,2.84,5,4.0,3.5,Female,Cairo,1
,77.7,2.65,0,6.6,3.8,Female,Alexandria,1
28.7,64.9,3.01,0,5.0,2.4,Female,Cairo,1
19.6,84.6,3.19,0,6.5,5.2,Male,Giza,1
18.4,95.6,3.57,1,8.0,,Female,Giza,1
19.0,91.5,2.21,5,6.2,2.1,Female,Alexandria,1
14.1,71.6,3.74,5,7.2,5.0,Female,Alexandria,1
26.6,77.4,2.24,3,6.0,1.8,Male,Alexandria,1
16.7,100.0,2.97,3,9.3,0.0,Female,Cairo,1
19.7,88.2,3.5,1,8.1,4.5,Female,Giza,1
15.2,85.0,3.23,1,8.4,3.2,Male,Cairo,1
16.2,95.6,2.24,3,5.4,0.6,Male,Alexandria,1
75.4,100.0,2.38,3,5.7,3.6,Female,Alexandria,1
27.5,98.0,2.52,2,8.3,0.9,Male,Cairo,1
19.1,86.4,2.77,4,6.8,0.4,Female,Cairo,1
25.8,88.5,3.49,1,6.7,2.2,Male,Alexandria,1
20.1,,2.02,3,7.4,1.7,Male,Giza,1
15.8,78.9,3.08,4,5.5,0.8,Male,Cairo,1
18.0,74.4,3.17,0,7.9,1.9,Male,Alexandria,1
16.6,85.5,3.13,2,7.0,0.9,Female,Alexandria,1
20.0,75.5,3.08,0,7.6,2.5,Male,Alexandria,1
17.7,84.4,3.71,0,6.2,2.4,Female,Alexandria,1
18.2,86.0,3.09,2,7.6,3.5,Female,Alexandria,1
11.7,100.0,3.31,2,6.2,1.7,Male,Alexandria,1
,76.5,3.14,0,8.1,0.4,Male,Giza,0
29.9,83.8,3.88,0,8.4,0.4,Female,Alexandria,1
16.0,83.4,1.66,0,8.1,2.1,Male,Alexandria,0
13.7,89.4,3.57,5,7.6,4.7,Female,Cairo,1
22.0,95.5,2.64,3,7.8,3.7,Male,Cairo,1
28.4,,2.63,1,3.8,1.5,Female,Giza,1
11.3,76.8,2.22,2,8.0,3.8,Male,Cairo,1
18.7,68.6,1.68,2,6.7,0.7,Male,Cairo,1
16.2,75.7,2.57,0,7.1,4.0,Male,Giza,1
9.4,90.4,2.39,1,6.7,,Female,Cairo,1
24.4,85.5,3.1,5,5.3,3.6,Female,Alexandria,1
19.9,74.8,1.92,1,6.4,3.4,Female,Cairo,1
20.4,81.3,3.66,2,7.8,2.0,Male,Alexandria,1
15.5,85.3,2.96,2,8.7,2.9,Male,Giza,1
,90.0,2.65,5,6.3,0.8,Female,Giza,1
16.8,79.1,2.37,5,5.9,2.3,Female,Alexandria,1
19.1,82.5,2.33,3,8.7,4.1,Female,Alexandria,1
13.4,66.8,2.12,4,5.9,8.6,Male,Alexandria,1
12.7,73.5,2.47,3,9.5,3.5,Male,Cairo,1
28.0,100.0,2.8,3,7.1,2.6,Female,Cairo,1
,63.1,2.69,2,5.9,0.9,Male,Alexandria,0
21.8,81.6,1.95,2,8.2,4.0,Male,Cairo,1
,87.2,2.64,4,9.0,0.0,Female,Giza,1
17.4,,2.26,1,5.3,1.2,Male,Cairo,1
17.0,76.9,2.9,1,8.9,3.0,Female,Alexandria,1
23.8,84.4,3.92,3,6.7,0.6,Female,Cairo,1
18.2,85.0,3.18,1,8.8,4.7,Male,Alexandria,1
19.1,84.2,2.61,2,6.5,4.1,Male,Alexandria,1
20.1,66.2,1.83,5,5.1,1.6,Male,Cairo,1
27.1,83.5,1.95,0,7.6,1.6,Male,Giza,1
24.1,76.4,1.79,1,8.1,0.4,Male,Alexandria,1
22.3,79.5,3.24,5,9.5,0.3,Male,Alexandria,1
16.6,87.3,2.34,2,9.1,3.1,Male,Alexandria,1
11.7,91.4,2.84,2,7.8,3.4,Male,Cairo,1
,94.0,2.43,4,6.7,3.0,Male,Giza,1
25.8,,2.85,5,6.4,18.6,Female,Cairo,1
19.2,94.2,3.64,1,6.6,1.6,Male,Cairo,1
23.3,96.7,2.39,2,6.0,3.0,Male,Alexandria,1
24.7,96.4,2.6,2,6.7,0.2,Female,Giza,1
25.0,98.9,2.32,5,3.9,2.4,Female,Giza,1
25.5,83.5,3.32,5,7.2,4.6,Female,Alexandria,1
17.3,83.3,2.18,0,7.0,,Female,Cairo,1
29.1,93.3,2.12,1,10.1,1.7,Male,Alexandria,1
12.5,71.3,1.97,3,7.9,1.9,Female,Alexandria,0
25.2,87.1,1.95,1,6.4,4.5,Female,Giza,1
23.0,79.7,3.08,0,7.7,5.1,Male,Giza,1
25.2,81.3,4.0,5,5.5,0.2,Female,Alexandria,1
31.3,67.6,2.2,5,6.3,1.8,Female,Giza,1
28.9,76.1,3.37,1,4.8,2.8,Female,Alexandria,1
13.1,84.8,2.95,3,8.7,4.3,Male,Giza,1
9.9,93.9,2.14,1,7.7,1.2,Female,Alexandria,1
24.9,94.9,2.63,0,5.6,3.4,Female,Cairo,1
13.9,84.2,2.66,5,6.9,2.0,Female,Alexandria,1
19.9,83.1,2.39,0,8.1,6.0,Male,Alexandria,0
25.0,76.7,3.96,1,7.6,3.1,Male,Cairo,1
10.1,89.0,1.66,0,7.5,2.2,Female,Cairo,0
7.3,82.5,3.03,5,6.0,1.9,Male,Cairo,1
21.6,91.1,3.0,3,6.2,4.0,Female,Alexandria,1
20.3,100.0,2.45,4,7.1,3.5,Male,Cairo,1
75.4,84.7,2.89,2,8.1,0.8,Female,Cairo,1
20.2,70.0,3.33,5,6.0,2.8,Female,Giza,1
14.8,76.4,2.89,3,5.7,0.4,Female,Giza,1
10.9,70.4,3.05,1,8.4,1.3,Female,Giza,1
19.0,73.0,3.22,0,5.9,0.5,Male,Giza,1
14.2,98.1,1.58,1,8.3,0.4,Male,Alexandria,0
10.1,87.3,3.69,5,7.3,1.4,Male,Alexandria,1
23.0,69.8,4.0,4,8.1,,Male,Alexandria,1
19.6,91.5,3.39,5,9.1,3.2,Male,Alexandria,1
22.4,97.6,3.41,4,7.8,3.6,Female,Cairo,1
14.1,81.4,1.96,3,7.9,2.1,Male,Cairo,1
16.1,78.2,,1,5.9,0.7,Female,Alexandria,1
14.0,81.6,2.31,2,6.2,3.6,Female,Alexandria,0
,87.8,2.45,1,7.8,0.0,Male,Giza,1
21.2,91.4,3.38,5,8.8,,Male,Cairo,1
15.3,96.8,2.32,1,8.7,3.5,Female,Cairo,1
22.1,97.1,2.72,4,9.8,3.4,Male,Cairo,1
22.0,96.9,1.65,0,7.4,3.9,Male,Cairo,1
32.2,98.6,2.7,2,7.2,2.1,Female,Cairo,1
11.6,91.6,2.85,2,8.2,0.5,Female,Alexandria,1
25.3,69.7,2.38,4,7.0,1.7,Male,Giza,1
19.5,83.7,2.37,3,6.9,3.3,Male,Cairo,1
19.9,88.1,3.93,4,5.7,1.3,Female,Cairo,1
,81.2,2.07,3,8.2,1.4,Male,Alexandria,0
17.2,94.1,2.17,0,5.7,0.3,Male,Cairo,1
24.5,81.4,2.31,0,7.6,0.7,Female,Cairo,1
19.5,75.7,3.52,2,5.3,3.7,Female,Giza,1
20.5,99.4,4.0,1,8.3,3.1,Female,Cairo,1
18.3,91.7,3.0,1,5.8,0.7,Male,Cairo,1
26.9,87.2,2.37,0,8.0,0.8,Female,Alexandria,1
,94.3,2.54,5,5.1,1.6,Male,Alexandria,1
6.8,95.6,3.44,1,6.5,3.3,Male,Giza,1
15.8,88.4,2.25,4,8.4,0.7,Male,Alexandria,0
8.2,60.4,3.67,1,6.0,2.2,Male,Cairo,1
0.5,78.2,3.65,0,7.1,,Male,Cairo,1
16.8,80.4,2.84,5,6.4,0.5,Male,Alexandria,1
28.0,75.2,3.19,2,4.2,3.1,Female,Alexandria,1
20.3,87.0,3.25,2,7.4,3.8,Female,Cairo,1
13.0,96.9,3.73,1,7.5,0.7,Male,Cairo,1
14.4,80.2,2.17,0,5.7,1.3,Male,Cairo,1
26.8,73.7,3.51,0,7.7,3.6,Female,Cairo,1
20.9,,2.57,3,6.0,1.8,Male,Cairo,1
20.3,80.5,2.34,0,5.8,1.6,Male,Cairo,1
19.7,72.7,,5,7.0,3.2,Female,Alexandria,1
20.2,87.4,2.67,1,6.2,2.7,Female,Alexandria,1
24.8,89.3,2.21,4,9.8,4.1,Female,Giza,1
23.3,77.9,,1,5.1,3.6,Female,Alexandria,1
21.3,92.9,2.23,3,7.9,1.6,Male,Cairo,1
13.7,80.1,3.67,3,8.2,2.3,Male,Giza,1
23.1,75.8,3.98,2,4.6,2.3,Female,Alexandria,1
15.9,,3.19,1,4.9,0.4,Female,Giza,1
26.6,92.7,3.51,2,7.7,1.0,Female,Cairo,1
,78.7,2.49,1,6.4,3.9,Male,Giza,1
19.2,88.3,2.75,1,7.5,0.0,Male,Alexandria,1
20.0,84.1,,1,8.4,3.9,Male,Cairo,1
12.1,100.0,,4,6.6,2.9,Male,Cairo,1
30.3,77.9,2.21,2,5.7,2.2,Male,Cairo,1
28.8,98.8,2.86,4,3.7,3.2,Male,Cairo,1
17.2,84.5,,3,7.2,3.2,Male,Cairo,1
,83.7,2.16,2,5.9,4.3,Male,Cairo,1
22.3,92.2,3.03,4,7.4,,Male,Alexandria,1
4.3,,2.64,5,7.3,2.1,Female,Cairo,1
21.5,97.7,3.41,0,5.3,2.1,Female,Cairo,1
19.6,88.3,2.8,3,9.1,5.3,Female,Cairo,1
20.5,79.0,2.62,1,8.3,3.9,Female,Cairo,1
13.5,79.6,2.88,4,8.0,1.0,Male,Cairo,1
18.4,90.1,2.7,2,5.6,1.9,Male,Cairo,1
18.9,90.8,2.4,1,6.5,1.4,Male,Alexandria,1
27.1,99.0,2.56,2,6.3,2.5,Female,Cairo,1
22.0,89.2,3.25,1,6.5,2.8,Female,Giza,1
20.0,95.6,3.19,4,5.7,5.9,Female,Giza,1
29.2,100.0,3.57,1,7.5,0.0,Male,Alexandria,1
,86.6,1.78,5,7.3,4.0,Female,Cairo,0
17.7,70.1,2.56,5,7.4,3.1,Male,Cairo,1
9.1,73.2,,1,6.4,1.4,Female,Alexandria,0
29.4,,2.9,4,8.5,,Female,Giza,1
25.8,100.0,2.53,2,7.2,1.7,Female,Giza,1
25.5,76.5,2.49,5,3.7,2.5,Male,Alexandria,1
24.0,97.3,3.27,3,6.2,4.0,Male,Giza,1
20.7,90.9,2.91,4,6.9,0.2,Male,Cairo,1
21.3,100.0,2.1,5,8.2,4.4,Female,Alexandria,1
,95.0,3.6,4,6.6,1.9,Female,Alexandria,1
18.8,84.0,3.4,2,6.7,4.7,Female,Cairo,1
20.3,83.0,2.46,2,6.2,3.1,Male,Alexandria,1
29.1,85.9,3.3,1,7.8,4.3,Female,Alexandria,1
23.3,86.8,2.36,4,6.5,3.3,Male,Giza,1
19.6,79.7,3.48,0,6.3,,Female,Cairo,1
16.5,84.7,,0,6.1,2.5,Female,Cairo,1
16.2,100.0,2.32,0,7.7,1.2,Male,Cairo,1
29.6,68.0,2.58,3,6.4,3.5,Female,Cairo,1
23.0,87.6,2.34,2,5.0,3.5,Female,Cairo,1
,75.9,2.92,0,7.7,5.6,Male,Cairo,1
17.9,86.9,2.91,2,6.2,0.0,Male,Giza,1
13.3,93.4,2.82,5,7.4,2.1,Male,Cairo,1
19.6,84.4,2.47,2,7.4,4.0,Female,Alexandria,1
25.2,92.7,0.6,5,8.4,0.6,Male,Cairo,1
17.6,69.1,2.86,2,8.3,2.1,Male,Cairo,1
18.6,96.1,1.66,0,6.3,5.6,Female,Cairo,0
18.7,79.0,2.95,0,6.8,4.6,Male,Alexandria,1
20.7,,3.48,4,5.5,1.1,Female,Cairo,1
10.4,86.8,2.96,2,9.0,4.6,Male,Cairo,0
18.6,59.1,2.57,4,7.5,4.2,Male,Alexandria,1
14.9,77.4,2.69,4,8.7,3.6,Male,Cairo,1
25.3,87.2,2.72,0,6.6,3.0,Male,Giza,1
15.4,100.0,2.47,3,4.5,2.8,Female,Cairo,1
23.5,87.9,,3,8.8,1.1,Female,Cairo,1
29.1,87.6,,0,7.1,1.7,Male,Giza,1
18.1,70.9,3.51,2,7.2,3.6,Male,Cairo,1
16.4,,2.79,2,7.1,2.7,Male,Cairo,1
21.1,100.0,3.37,3,7.8,5.2,Female,Alexandria,1
20.0,85.3,2.65,3,7.6,2.0,Female,Alexandria,1
14.0,82.8,2.84,5,5.1,0.0,Male,Cairo,1
22.8,68.8,2.7,0,8.3,2.0,Male,Cairo,1
32.1,93.8,3.08,4,6.4,2.9,Male,Alexandria,1
18.5,,3.3,1,6.4,3.0,Male,Alexandria,1
18.8,92.2,2.94,1,9.1,2.6,Male,Cairo,1
13.7,97.6,2.4,2,8.1,1.2,Male,Alexandria,1
21.9,90.4,2.33,3,6.6,4.7,Female,Giza,1
12.5,75.1,,0,4.8,,Female,Alexandria,1
13.4,98.4,2.63,3,7.2,3.5,Female,Cairo,0
27.7,72.7,2.63,4,7.6,2.0,Female,Alexandria,1
14.6,82.9,3.68,0,6.9,0.7,Female,Alexandria,1
,87.8,3.45,5,5.5,4.6,Male,Cairo,1
29.1,,,0,6.1,0.0,Male,Giza,1
21.6,89.2,2.56,4,5.5,1.2,Male,Cairo,1
23.3,88.9,4.0,2,7.3,3.1,Male,Alexandria,1
31.7,77.4,3.04,2,8.0,1.9,Male,Cairo,1
75.4,72.1,,1,8.2,3.6,Male,Alexandria,1
16.4,85.6,2.7,3,6.1,2.3,Male,Alexandria,1
,77.9,,1,7.3,1.8,Male,Giza,1
20.3,71.9,2.0,1,7.7,5.7,Female,Alexandria,1
28.9,72.3,3.04,4,6.4,,Female,Cairo,1
,80.1,3.04,4,6.8,2.2,Female,Alexandria,1
14.3,66.5,,5,9.5,0.8,Male,Giza,1
14.9,71.5,2.1,3,7.2,1.3,Male,Alexandria,1
17.0,68.6,1.94,2,8.1,,Female,Giza,1
21.8,86.8,,4,6.5,3.3,Female,Alexandria,1
18.8,89.1,1.93,3,7.1,2.5,Female,Giza,1
21.3,100.0,3.34,5,4.9,1.4,Female,Cairo,1
21.8,70.0,3.49,4,7.0,3.5,Female,Giza,1
18.2,78.2,4.0,5,8.4,0.0,Female,Alexandria,1
19.8,94.1,,4,9.5,2.0,Male,Giza,1
21.2,82.8,2.44,5,8.4,2.1,Male,Cairo,1
19.5,81.7,2.28,3,7.8,1.2,Female,Alexandria,1
23.0,100.0,0.73,3,7.1,2.7,Male,Giza,1
31.2,81.6,2.44,0,6.3,1.5,Male,Alexandria,1
23.6,73.4,2.69,1,6.8,1.3,Male,Cairo,1
20.3,71.8,3.38,5,7.7,5.2,Male,Cairo,1
9.9,88.4,,3,6.1,3.6,Male,Giza,1
22.3,88.1,3.15,0,8.1,4.3,Female,Alexandria,1
8.3,71.3,2.93,0,5.8,2.6,Female,Cairo,1
11.5,75.1,3.2,1,4.9,3.9,Female,Cairo,1
25.1,90.3,3.67,1,5.8,3.7,Female,Alexandria,1
,90.8,2.16,3,5.0,4.3,Male,Cairo,1
19.1,78.6,2.53,1,5.4,6.0,Female,Alexandria,1
9.7,91.2,1.97,3,8.4,2.1,Male,Alexandria,1
17.8,90.7,3.77,4,6.8,2.9,Male,Cairo,1
15.9,67.2,3.58,4,7.3,2.4,Male,Cairo,0
23.8,81.9,3.25,4,8.4,,Female,Giza,1
33.5,89.2,2.08,1,8.5,0.4,Female,Cairo,1
21.3,79.3,2.9,5,6.4,2.5,Female,Cairo,1
15.3,63.6,2.66,5,8.6,3.4,Female,Giza,1
13.0,82.2,2.85,0,7.5,1.6,Male,Alexandria,1
19.7,92.5,2.69,3,7.0,4.2,Female,Alexandria,1
18.9,100.0,3.11,2,7.5,4.4,Female,Giza,1
13.1,63.1,,5,5.3,1.9,Male,Cairo,0
20.7,100.0,3.31,4,6.1,4.6,Female,Cairo,1
13.1,73.7,,2,6.9,5.1,Male,Giza,1
26.7,94.6,2.62,2,7.7,3.2,Male,Alexandria,1
26.4,97.3,2.73,0,6.6,1.0,Female,Cairo,1
26.5,94.8,2.54,2,6.8,4.7,Male,Alexandria,1
17.2,86.5,3.29,0,8.2,,Male,Cairo,1
23.1,73.4,2.64,5,8.7,1.9,Male,Cairo,1
19.2,91.3,2.98,3,7.9,,Female,Alexandria,1
17.7,77.8,2.56,3,8.5,1.7,Female,Giza,1
18.0,59.8,1.91,2,6.5,4.1,Female,Cairo,0
12.2,100.0,3.34,3,6.6,3.7,Male,Cairo,1
11.3,92.1,2.17,2,7.4,4.3,Male,Cairo,1
24.8,100.0,3.21,5,6.6,3.4,Male,Cairo,1
18.9,75.9,3.05,1,6.4,,Female,Alexandria,1
21.3,99.7,1.81,2,9.0,2.3,Male,Alexandria,1
26.0,100.0,2.23,1,6.8,3.8,Male,Alexandria,1
9.6,100.0,2.49,4,5.8,,Male,Giza,1
15.3,84.8,2.31,2,7.6,6.9,Female,Alexandria,1
21.1,73.0,2.09,1,9.2,2.1,Male,Alexandria,1
22.4,83.2,3.24,1,7.1,1.6,Female,Alexandria,1
17.7,63.0,2.66,5,8.5,4.2,Male,Alexandria,1
26.2,68.0,,5,6.5,3.6,Male,Alexandria,1
21.3,85.9,2.54,1,6.4,2.5,Female,Giza,1
12.7,75.1,2.98,1,6.2,2.2,Female,Cairo,1
14.4,83.4,2.35,3,6.8,3.1,Male,Alexandria,1
24.8,83.9,2.78,5,9.2,3.8,Female,Cairo,1
22.8,100.0,3.15,3,5.6,3.6,Female,Cairo,1
8.6,,2.83,5,9.0,2.0,Female,Giza,1
28.1,84.6,2.53,4,5.8,3.1,Female,Cairo,1
23.6,97.1,2.15,2,6.7,3.8,Male,Alexandria,1
28.1,77.2,2.9,1,8.0,3.6,Female,Cairo,1
17.7,81.6,3.01,4,7.8,0.0,Male,Alexandria,1
18.2,94.1,2.64,3,7.3,1.2,Male,Cairo,1
13.2,72.6,2.34,3,5.0,1.3,Male,Alexandria,0
35.2,82.2,3.13,0,7.4,2.2,Male,Giza,1
18.9,71.8,4.0,2,5.8,2.8,Male,Alexandria,1
29.5,86.2,2.62,4,10.1,3.9,Female,Alexandria,1
16.1,100.0,3.0,4,6.7,3.4,Male,Alexandria,1
21.0,77.5,3.03,3,7.2,,Male,Cairo,1
10.0,87.3,1.26,4,5.6,2.5,Female,Alexandria,1
17.7,76.0,2.87,4,6.4,5.1,Male,Cairo,0
25.9,73.5,2.38,1,5.5,1.6,Female,Cairo,1
12.5,72.6,3.63,4,8.2,3.0,Male,Alexandria,1
26.4,99.5,,5,6.7,18.6,Female,Giza,1
22.0,100.0,2.33,2,7.7,3.0,Female,Alexandria,1
13.7,89.8,2.67,0,6.2,0.0,Female,Alexandria,1
17.0,77.8,2.9,5,6.4,3.1,Female,Cairo,1
17.2,92.0,2.46,0,8.5,1.9,Female,Giza,1
19.7,81.7,2.77,0,5.8,2.3,Male,Cairo,1
16.8,,1.99,2,4.8,4.1,Male,Alexandria,1
15.0,87.9,2.66,1,7.5,3.2,Male,Alexandria,1
18.2,87.8,3.27,1,5.6,2.1,Female,Alexandria,1
13.8,91.1,3.98,5,6.5,3.8,Female,Cairo,1
12.3,79.2,3.22,2,8.1,3.2,Female,Cairo,1
19.7,81.0,2.96,0,6.0,2.7,Female,Cairo,1
25.3,67.8,3.51,2,8.1,3.0,Female,Cairo,1
10.8,80.6,3.41,1,6.2,2.9,Female,Alexandria,1
20.0,70.8,3.8,2,8.8,2.0,Female,Cairo,1
16.1,83.6,3.45,5,8.6,1.8,Female,Cairo,1
14.1,75.4,2.73,5,6.4,2.5,Female,Alexandria,1
25.1,86.0,2.96,4,6.7,1.1,Female,Cairo,1
16.9,89.5,2.91,5,6.0,0.6,Female,Alexandria,1
29.0,70.8,,1,7.2,4.5,Female,Cairo,1
15.3,76.9,2.92,2,8.4,2.1,Male,Cairo,1
22.3,75.6,2.33,4,5.3,2.5,Female,Alexandria,0
18.6,92.5,1.54,1,8.1,2.3,Male,Giza,1
15.5,100.0,2.4,3,5.4,2.5,Male,Cairo,1
23.5,93.5,1.58,3,6.0,2.5,Female,Cairo,1
19.1,81.5,,1,4.9,2.6,Female,Cairo,1
23.6,99.7,2.8,1,9.5,1.3,Female,Alexandria,1
19.7,69.9,1.79,0,7.1,3.9,Female,Giza,1
13.5,100.0,3.21,2,7.3,1.5,Female,Cairo,1
19.4,78.4,3.32,2,6.2,4.1,Female,Cairo,1
20.3,57.2,2.86,4,8.3,0.0,Female,Cairo,1
25.8,100.0,3.8,4,4.5,0.9,Male,Cairo,1
14.6,100.0,3.92,0,7.0,4.0,Male,Alexandria,1
19.8,74.7,2.08,2,9.6,2.3,Female,Alexandria,1
9.7,86.7,,4,6.5,1.5,Female,Alexandria,1
,82.9,3.06,5,7.0,3.1,Female,Cairo,1
13.5,86.0,3.05,4,7.8,0.9,Female,Cairo,1
9.2,70.2,3.36,1,6.0,2.6,Female,Giza,1
19.6,78.2,2.37,2,7.0,0.0,Female,Cairo,1
26.6,89.7,2.44,2,8.2,1.8,Female,Cairo,1
10.9,87.2,2.3,1,7.2,1.5,Female,Cairo,1
13.5,97.0,2.35,0,7.4,3.3,Male,Giza,1
15.5,85.8,2.74,3,6.6,3.8,Female,Alexandria,1
13.2,100.0,1.93,1,7.4,1.2,Female,Alexandria,1
22.3,,2.17,1,7.1,4.9,Female,Alexandria,1
15.2,87.6,3.15,2,8.7,1.6,Male,Giza,1
15.7,65.8,2.76,4,7.9,0.0,Male,Alexandria,1
75.4,72.5,3.03,4,6.7,0.0,Female,Cairo,1
15.5,98.3,1.67,3,4.1,4.8,Male,Cairo,1
22.6,75.6,2.33,4,7.9,2.4,Female,Cairo,1
14.2,,2.47,1,7.9,1.5,Male,Cairo,1
12.7,84.4,2.82,2,5.9,1.4,Female,Giza,1
9.0,74.6,2.45,4,4.6,0.9,Male,Alexandria,1
31.2,81.5,3.36,3,5.6,4.5,Female,Cairo,1
18.1,79.9,2.77,3,8.1,2.4,Male,Alexandria,1
,80.1,2.81,1,5.7,5.2,Male,Alexandria,0
19.8,92.5,2.81,0,6.4,2.2,Female,Alexandria,1
21.0,91.5,3.22,1,7.3,0.0,Female,Giza,1
20.3,79.2,2.52,2,8.5,3.8,Male,Cairo,1
31.4,75.9,3.47,1,7.0,1.9,Male,Alexandria,1
13.8,87.8,3.08,2,6.9,2.1,Female,Alexandria,1
10.7,84.0,2.89,1,6.3,4.9,Male,Giza,1
13.9,95.3,2.83,5,9.0,,Male,Cairo,1
12.0,100.0,3.11,5,8.3,4.2,Female,Alexandria,1
24.5,93.4,3.41,1,6.9,2.5,Male,Cairo,1
24.9,84.7,3.37,4,5.3,1.4,Male,Alexandria,1
14.2,,3.03,2,6.1,3.3,Female,Giza,1
11.7,76.4,3.33,4,7.7,,Male,Alexandria,1
17.9,75.9,2.87,5,6.1,4.3,Female,Cairo,1
28.3,75.0,3.55,4,8.1,3.9,Female,Giza,1
3.1,81.0,2.78,2,7.4,2.6,Male,Alexandria,1
23.2,80.7,1.55,2,7.4,3.4,Female,Alexandria,1
13.5,,3.6,4,7.8,3.3,Male,Giza,1
,81.0,2.86,2,7.6,2.1,Female,Alexandria,1
13.5,83.0,2.1,0,6.0,3.8,Male,Cairo,1
18.3,72.8,,2,6.6,2.2,Male,Cairo,1
11.0,100.0,2.27,2,9.8,3.4,Female,Alexandria,1
14.1,90.1,4.0,0,5.6,1.1,Male,Cairo,1
28.3,100.0,3.1,1,6.4,2.7,Female,Cairo,1
24.9,93.0,1.86,2,8.3,3.1,Male,Cairo,0
17.6,99.9,3.13,5,6.8,1.3,Female,Cairo,1
14.8,82.5,2.56,2,6.0,1.9,Male,Cairo,1
8.6,92.2,3.95,3,5.4,1.7,Female,Cairo,1
17.6,100.0,2.17,1,7.6,3.6,Female,Alexandria,1
19.8,72.8,1.45,1,8.2,,Female,Cairo,0
19.5,96.8,2.84,1,8.7,3.2,Male,Cairo,1
19.4,100.0,2.59,0,7.1,,Male,Alexandria,1
13.3,89.2,2.55,0,8.3,3.0,Male,Alexandria,1
19.6,92.7,1.52,2,5.8,0.1,Female,Giza,1
19.8,97.8,3.06,3,7.2,2.7,Male,Cairo,1
27.7,78.3,3.8,0,6.2,4.1,Female,Alexandria,1
31.2,89.2,,5,7.2,2.1,Female,Cairo,1
19.2,76.1,3.5,2,7.9,4.2,Female,Alexandria,1
15.4,78.1,2.46,5,8.3,3.4,Male,Cairo,1
19.6,78.7,4.0,4,5.8,3.1,Male,Alexandria,1
16.4,83.5,3.06,2,8.5,2.1,Female,Alexandria,1
15.5,86.5,2.69,1,6.4,1.7,Male,Giza,1
19.6,89.6,3.46,1,5.8,2.1,Male,Alexandria,1
13.7,70.5,3.12,1,6.8,2.6,Male,Cairo,1
23.6,100.0,2.44,3,5.2,3.3,Male,Alexandria,1
19.4,96.8,3.23,2,7.0,3.1,Female,Cairo,1
21.5,92.4,2.49,2,7.3,2.1,Female,Alexandria,1
18.9,81.3,1.73,0,6.8,2.6,Male,Alexandria,0
15.6,84.1,4.0,4,7.6,3.1,Female,Cairo,1
14.3,90.6,2.59,5,6.6,0.1,Male,Alexandria,1
18.6,89.2,2.43,3,7.0,1.4,Male,Cairo,1
16.7,67.8,3.0,0,5.3,,Male,Cairo,1
21.4,92.6,1.86,0,7.1,2.2,Male,Cairo,0
20.0,100.0,1.99,4,6.0,2.1,Male,Alexandria,1
,66.1,2.5,1,6.5,2.1,Female,Alexandria,1
20.4,95.2,2.49,2,6.9,1.2,Male,Cairo,1
,88.8,2.84,5,7.2,3.5,Male,Alexandria,1
16.3,83.9,3.47,4,5.0,2.9,Male,Giza,1
18.2,99.1,2.52,2,5.1,0.1,Female,Giza,1
7.5,72.9,3.1,4,6.6,2.5,Female,Alexandria,1
20.5,86.7,3.16,1,7.6,0.8,Male,Cairo,1
20.9,100.0,2.15,0,7.4,5.1,Male,Alexandria,0
19.1,83.0,2.94,2,8.1,1.8,Male,Giza,1
17.5,,,4,8.6,1.9,Male,Giza,1
17.8,,3.44,1,7.6,2.6,Female,Giza,1
14.1,80.4,3.07,5,7.0,2.2,Female,Cairo,1
18.4,100.0,2.81,1,5.8,2.4,Male,Cairo,1
16.7,75.7,,3,5.9,4.8,Female,Cairo,0
,94.0,2.87,1,6.4,2.9,Male,Alexandria,1
12.8,72.1,2.34,3,7.3,3.8,Male,Giza,1
21.4,91.9,3.22,1,7.3,4.2,Male,Alexandria,1
20.9,83.9,2.73,1,7.0,1.1,Male,Cairo,1
19.2,58.4,2.31,0,6.8,5.1,Female,Alexandria,0
17.4,84.9,3.36,1,7.8,3.6,Male,Cairo,1
23.3,74.0,3.23,0,7.2,4.0,Female,Alexandria,1
10.0,80.4,2.44,4,7.4,1.2,Female,Cairo,1
22.8,100.0,3.5,4,7.4,3.8,Female,Cairo,1
21.5,73.5,2.62,4,6.3,3.1,Male,Cairo,1
21.7,74.1,2.61,1,5.8,1.7,Male,Cairo,1
22.3,99.8,2.87,1,7.6,,Female,Cairo,1
16.1,86.2,2.35,1,7.5,3.4,Female,Giza,1
18.4,,2.54,0,6.7,2.2,Female,Alexandria,1
23.8,88.3,2.7,0,6.5,2.8,Male,Cairo,1
22.6,75.9,3.72,2,9.7,3.9,Male,Giza,1
21.2,84.3,3.7,0,6.1,4.2,Female,Cairo,1
10.9,97.6,2.64,3,6.7,3.4,Female,Cairo,0
23.2,94.7,3.77,3,7.3,,Male,Giza,1
27.0,85.0,2.77,2,5.6,4.7,Female,Giza,1
26.1,85.5,3.03,0,7.1,0.7,Male,Alexandria,1
21.4,83.8,3.33,5,9.2,1.8,Female,Cairo,1
10.7,79.1,2.98,1,8.1,1.1,Female,Alexandria,1
25.7,100.0,4.0,4,7.8,2.7,Female,Cairo,1
19.1,85.1,2.95,5,7.7,4.7,Male,Cairo,1
4.8,73.4,2.08,5,7.1,3.5,Female,Giza,0
22.3,80.1,3.58,3,8.2,1.0,Female,Cairo,1
11.0,92.5,2.55,3,6.8,2.1,Female,Cairo,0
12.2,91.6,2.62,4,6.5,,Female,Cairo,1
16.2,83.6,1.0,4,7.1,1.7,Male,Alexandria,1
27.6,78.1,3.4,4,8.1,2.4,Female,Alexandria,1
17.8,85.2,3.29,5,7.4,3.0,Female,Cairo,1
21.6,67.8,3.28,1,7.8,0.0,Female,Cairo,1
30.5,71.6,3.39,0,4.6,3.7,Female,Giza,1
29.6,93.2,3.81,3,8.4,3.0,Male,Cairo,1
19.4,80.1,2.77,3,9.8,3.4,Female,Cairo,1
18.6,88.9,3.36,5,8.6,1.1,Female,Alexandria,1
12.4,97.5,2.35,1,6.6,1.4,Male,Cairo,1
15.8,91.7,2.59,0,6.0,1.6,Male,Alexandria,1
22.6,85.2,3.43,4,7.3,2.9,Male,Cairo,1
22.4,100.0,3.03,5,5.8,2.6,Male,Cairo,1
20.7,91.9,2.0,1,7.9,2.7,Female,Alexandria,1
26.0,,3.02,1,6.4,5.2,Male,Alexandria,1
15.4,92.5,2.69,4,8.2,4.5,Male,Cairo,0
19.7,89.2,2.31,3,8.6,1.5,Female,Cairo,1
24.4,76.2,3.06,1,4.6,1.5,Male,Giza,1
23.5,85.8,2.56,3,7.4,5.1,Male,Cairo,1
26.4,83.3,1.86,3,6.2,2.1,Female,Cairo,1
22.4,64.8,2.13,0,5.3,4.6,Male,Cairo,1
18.1,83.2,3.86,4,6.3,4.9,Female,Cairo,1
22.2,82.1,1.89,3,6.7,1.7,Female,Cairo,1
14.0,80.5,2.93,5,8.2,2.1,Female,Giza,0
10.2,68.1,3.17,1,5.2,2.7,Male,Cairo,1
23.5,81.4,3.18,5,8.3,1.2,Male,Giza,1
19.7,84.6,2.06,4,9.4,1.1,Female,Alexandria,1
21.9,86.0,2.61,2,7.7,1.9,Female,Cairo,1
9.8,73.3,2.88,0,7.7,3.8,Female,Cairo,0
17.8,91.5,3.28,4,7.0,1.9,Female,Alexandria,1
16.4,72.5,2.41,5,5.6,2.2,Female,Alexandria,1
14.8,82.7,2.1,1,7.6,1.8,Male,Cairo,1
6.5,98.4,3.4,0,7.5,0.5,Female,Cairo,1
18.0,77.9,3.46,0,7.9,4.8,Male,Giza,1
25.4,79.7,3.02,1,10.1,0.0,Male,Alexandria,1
22.3,96.0,2.43,4,7.9,1.5,Female,Alexandria,1
16.4,,3.04,1,7.5,3.4,Male,Giza,1
19.9,81.9,2.87,5,8.9,0.4,Female,Cairo,1
24.5,87.3,3.3,5,5.4,3.4,Female,Cairo,1
3.4,95.8,2.05,4,5.6,4.4,Male,Giza,1
19.3,62.4,2.87,0,6.5,1.2,Female,Cairo,1
23.3,76.5,2.7,3,6.2,2.8,Male,Cairo,1
24.1,74.7,2.13,1,7.8,0.9,Female,Giza,1
30.2,73.9,2.93,3,6.6,3.3,Male,Giza,1
26.8,76.2,2.82,3,9.1,2.7,Female,Giza,1
21.9,76.4,2.55,4,8.8,2.9,Female,Alexandria,0
21.8,88.1,3.04,4,7.9,4.6,Female,Cairo,1
24.7,75.9,1.95,3,6.5,3.2,Male,Alexandria,1
16.8,86.3,2.77,4,7.7,4.5,Male,Cairo,1
19.8,89.1,3.06,2,8.0,3.5,Female,Cairo,1
25.4,77.5,2.97,5,5.7,0.7,Female,Cairo,1
31.7,86.3,3.45,5,7.4,2.9,Male,Alexandria,1
19.0,100.0,2.08,0,7.8,18.6,Male,Giza,1
19.7,88.3,1.9,2,7.3,0.4,Female,Alexandria,1
21.2,78.5,2.94,3,8.9,4.5,Female,Cairo,1
28.1,,3.07,5,8.5,2.6,Male,Alexandria,1
19.8,75.6,4.0,5,6.0,3.1,Female,Cairo,1
,87.8,3.17,4,7.1,1.2,Male,Giza,1
14.2,93.8,2.28,0,6.0,18.6,Female,Alexandria,1
18.9,76.6,3.28,4,7.7,3.0,Male,Cairo,1
18.8,82.9,2.29,0,6.0,2.0,Male,Cairo,1
24.7,96.4,1.91,5,8.1,2.6,Male,Cairo,1
26.3,79.9,4.0,4,7.5,0.0,Male,Cairo,1
10.9,86.9,,5,8.2,4.6,Female,Cairo,1
14.5,74.5,3.23,5,6.8,0.9,Male,Alexandria,1
22.0,76.6,3.14,5,5.3,,Male,Alexandria,1
16.0,79.8,3.89,3,9.1,1.1,Female,Giza,1
10.9,100.0,2.97,3,6.8,1.3,Male,Giza,1
26.2,80.9,3.53,1,8.7,3.3,Female,Alexandria,1
23.0,79.7,2.18,2,7.5,1.2,Female,Cairo,1
23.0,79.4,1.96,0,7.8,3.0,Female,Cairo,1
17.1,83.3,3.66,4,9.2,1.1,Male,Alexandria,1
26.2,91.6,3.68,2,7.4,5.8,Male,Cairo,1
18.6,86.9,3.11,5,8.7,3.3,Male,Cairo,1
75.4,,2.94,5,5.2,5.5,Female,Alexandria,1
14.5,87.1,2.9,3,8.0,1.0,Male,Cairo,1
14.9,99.5,2.39,5,6.7,3.5,Male,Giza,1
21.2,87.8,3.72,0,6.8,1.1,Male,Alexandria,1
15.8,91.1,3.2,2,7.0,3.4,Male,Alexandria,1
24.1,70.6,3.1,0,7.4,3.5,Female,Giza,0
21.6,83.7,,0,9.0,0.1,Male,Cairo,1
14.5,,3.43,2,4.8,0.8,Male,Cairo,1
20.4,82.6,3.1,4,7.1,0.8,Male,Alexandria,1
17.9,63.5,3.25,4,6.1,0.3,Male,Giza,1
25.5,,,4,8.4,1.4,Male,Cairo,1
16.2,81.1,3.11,5,6.5,1.1,Male,Alexandria,1
17.4,80.6,4.0,5,7.5,0.4,Female,Giza,1
27.3,82.4,2.49,2,6.5,2.7,Male,Cairo,1
33.4,82.7,2.72,0,7.8,3.3,Female,Alexandria,1
32.0,,3.34,3,8.2,0.6,Male,Alexandria,1
75.4,72.3,3.37,5,6.5,1.7,Male,Cairo,1
21.3,75.7,3.17,3,7.1,2.5,Male,Alexandria,1
29.2,87.9,1.83,5,5.3,2.2,Female,Giza,1
19.3,86.5,3.1,0,7.4,1.5,Male,Alexandria,0
14.1,81.2,2.09,2,8.0,3.7,Male,Alexandria,1
20.7,79.3,2.31,0,6.3,3.8,Female,Alexandria,1
22.7,76.7,3.13,4,8.3,3.5,Male,Cairo,1
15.0,84.4,2.62,3,4.5,2.2,Male,Giza,1
10.1,,3.29,1,4.8,5.5,Male,Cairo,1
11.4,74.4,,3,5.3,5.1,Female,Giza,1
24.0,100.0,3.27,3,6.4,1.9,Male,Giza,1
15.4,93.4,3.23,5,7.0,2.3,Female,Giza,1
19.2,80.5,2.26,5,6.9,4.3,Male,Giza,1
21.3,92.8,2.41,1,6.9,1.3,Female,Alexandria,1
23.7,70.3,2.16,0,7.9,3.1,Female,Cairo,1
18.0,67.7,2.48,5,6.4,2.6,Female,Alexandria,1
,72.1,2.14,3,5.5,1.5,Male,Alexandria,1
14.7,80.9,2.4,1,5.5,2.2,Male,Cairo,1
17.8,81.7,2.67,3,9.5,0.2,Male,Alexandria,1
13.9,79.8,2.2,3,4.2,1.7,Female,Cairo,1
26.8,86.0,1.95,4,6.8,0.0,Male,Alexandria,1
19.8,63.6,1.98,4,8.7,5.9,Female,Cairo,0
15.6,90.0,3.07,5,7.6,4.8,Female,Cairo,1
17.9,70.8,2.84,0,6.0,4.4,Female,Giza,1
18.7,78.4,3.42,5,7.0,,Male,Alexandria,1
24.2,80.9,3.43,5,8.0,4.0,Male,Cairo,1
10.4,73.4,2.6,2,8.4,4.4,Female,Alexandria,1
13.8,71.3,3.2,5,5.9,4.0,Male,Giza,1
17.7,74.9,1.94,3,7.9,18.6,Female,Alexandria,0
35.2,,4.0,5,7.3,1.1,Female,Alexandria,1
25.7,90.9,3.52,3,8.3,3.2,Female,Cairo,1
19.3,90.6,2.67,0,8.7,1.7,Female,Alexandria,1
24.3,75.1,2.1,1,6.6,0.7,Female,Cairo,1
32.3,77.1,3.03,3,5.3,0.8,Male,Giza,1
18.6,75.8,1.68,5,7.5,3.2,Female,Alexandria,1
17.8,89.5,2.33,4,9.1,4.1,Male,Cairo,0
27.3,64.6,3.25,4,7.8,0.5,Female,Giza,1
23.0,97.4,2.85,5,7.3,5.1,Male,Alexandria,1
24.0,80.2,2.51,1,9.9,4.7,Female,Cairo,1
17.0,77.2,3.37,1,5.8,1.9,Female,Cairo,1
31.5,88.4,2.18,5,8.1,1.8,Male,Cairo,1
30.3,95.3,2.97,0,6.3,2.4,Female,Alexandria,1
23.4,88.4,,1,7.1,4.0,Female,Cairo,1
,95.5,2.29,4,7.1,1.9,Male,Cairo,1
7.8,,3.08,1,8.8,0.8,Female,Alexandria,0
,97.3,2.2,1,5.9,3.0,Female,Cairo,1
18.8,97.5,3.94,5,6.4,0.0,Male,Cairo,1
22.6,,2.45,0,5.1,2.7,Female,Cairo,1
24.1,99.4,3.99,4,7.6,4.2,Male,Cairo,1
18.0,86.6,2.14,0,6.5,3.0,Male,Alexandria,1
9.9,85.9,3.16,0,7.5,3.7,Female,Cairo,1
22.2,75.8,2.08,3,5.7,3.2,Male,Giza,1
15.6,82.1,2.0,3,6.6,3.6,Female,Cairo,1
18.0,92.8,2.9,3,8.2,2.7,Male,Cairo,1
16.4,71.9,3.21,1,6.8,1.3,Female,Cairo,1
,91.5,2.04,4,7.8,2.2,Male,Giza,1
6.1,88.5,3.51,0,7.6,2.4,Female,Alexandria,1
27.3,87.8,2.32,4,6.6,4.4,Female,Cairo,1
21.5,62.9,2.88,3,5.1,4.9,Male,Cairo,1
26.7,84.0,3.03,0,8.2,3.1,Male,Cairo,1
,91.5,3.16,2,7.2,1.4,Female,Alexandria,1
20.1,77.4,1.72,5,8.2,1.4,Male,Alexandria,1
9.2,85.9,,2,4.6,2.2,Female,Alexandria,1
14.6,61.2,,5,5.0,4.6,Female,Alexandria,0
12.8,91.7,2.54,0,4.4,3.0,Male,Alexandria,0
17.0,78.4,2.19,5,5.9,2.4,Male,Alexandria,1
20.5,93.7,,1,8.3,1.4,Male,Cairo,1
8.0,66.6,1.98,4,7.7,3.8,Female,Alexandria,0
22.1,91.9,,0,7.0,2.9,Male,Alexandria,1
10.9,82.6,2.6,2,7.2,2.4,Male,Alexandria,1
21.8,,2.12,4,7.9,2.7,Female,Cairo,1
19.3,75.7,2.48,1,6.6,5.0,Male,Cairo,1
18.1,78.8,3.74,5,7.5,2.3,Female,Giza,1
19.6,100.0,2.6,5,7.2,5.0,Female,Giza,1
16.8,76.7,2.45,2,4.4,4.4,Male,Alexandria,1
16.3,77.9,3.61,2,6.5,2.6,Female,Alexandria,1
9.9,82.2,3.08,5,8.6,3.8,Female,Alexandria,1
19.8,74.8,2.83,2,6.5,2.3,Female,Giza,1
75.4,96.9,2.44,5,6.8,1.3,Male,Alexandria,1
31.9,100.0,1.87,4,6.3,2.1,Male,Cairo,1
27.9,78.0,2.1,2,6.4,1.1,Female,Alexandria,1
24.2,67.7,2.51,4,8.3,3.3,Male,Cairo,1
15.9,96.7,2.67,3,6.7,2.5,Female,Cairo,1
28.7,96.1,3.01,4,5.8,3.4,Male,Giza,1
19.7,93.2,3.13,2,3.3,3.7,Male,Alexandria,1
19.6,,2.93,3,6.3,0.0,Female,Alexandria,1
18.3,76.3,2.93,3,4.6,3.0,Male,Alexandria,1
20.6,83.3,2.2,3,4.8,0.0,Male,Giza,1
17.4,71.2,1.51,3,8.0,,Male,Cairo,0
19.5,70.8,2.49,4,7.9,1.2,Female,Alexandria,1
13.5,94.8,2.23,1,4.7,2.7,Female,Cairo,1
17.8,78.3,2.41,2,8.0,,Male,Cairo,1
33.7,100.0,2.64,3,7.6,0.0,Male,Cairo,1
19.6,85.7,2.05,1,6.1,2.8,Male,Alexandria,1
75.4,78.6,2.13,4,7.9,2.4,Female,Cairo,1
23.2,93.0,2.74,5,5.0,0.0,Male,Alexandria,1
24.2,100.0,2.87,3,5.6,3.5,Female,Cairo,1
13.3,89.9,2.41,5,5.3,2.6,Female,Cairo,1
18.8,72.8,3.1,0,5.7,1.7,Male,Giza,1
25.5,88.7,,4,8.1,1.4,Female,Cairo,1
21.6,98.8,2.19,2,5.4,7.3,Male,Alexandria,1
20.7,80.1,2.82,1,5.6,1.9,Female,Cairo,1
29.3,77.3,3.93,5,5.9,0.0,Male,Cairo,1
15.9,95.2,2.4,0,7.2,1.1,Female,Cairo,1
20.5,86.4,3.5,5,6.6,2.0,Female,Giza,0
16.9,74.0,3.63,5,8.0,1.9,Female,Cairo,1
28.9,81.2,3.7,4,6.1,2.4,Female,Alexandria,1
8.3,77.4,2.31,5,5.5,0.9,Male,Cairo,0
16.0,88.0,4.0,4,6.4,3.3,Male,Alexandria,1
16.8,86.1,2.87,1,7.0,1.8,Female,Alexandria,1
24.0,96.5,2.65,5,5.9,0.5,Female,Cairo,1
23.6,92.1,2.66,3,7.3,1.3,Female,Giza,1
28.4,69.4,3.16,3,9.2,1.9,Female,Cairo,1
10.6,89.1,2.83,0,6.3,3.8,Male,Cairo,1
24.5,94.0,2.69,2,7.0,3.2,Male,Cairo,1
18.2,89.6,3.57,2,8.6,2.0,Male,Giza,1
16.0,95.3,2.37,1,6.2,2.5,Female,Giza,1
,79.5,2.17,4,6.0,2.8,Female,Alexandria,1
14.5,75.5,3.28,5,5.7,5.6,Female,Cairo,1
7.5,94.3,3.22,2,7.5,1.6,Female,Alexandria,1
17.8,74.3,,1,7.6,3.2,Male,Cairo,1
11.0,63.4,2.16,4,6.8,3.6,Male,Giza,0
16.1,95.3,3.45,2,7.0,1.1,Male,Cairo,1
22.2,77.8,3.09,5,8.5,2.8,Male,Cairo,1
21.9,81.9,3.86,4,8.0,2.7,Male,Cairo,1
29.5,,2.05,0,5.3,1.8,Male,Alexandria,1
18.8,71.7,2.93,2,7.0,3.4,Male,Cairo,1
10.8,,2.63,4,7.1,4.0,Female,Cairo,0
15.5,81.4,1.85,0,7.8,4.2,Female,Giza,1
14.5,88.7,2.37,2,6.7,2.2,Female,Alexandria,1
12.7,62.0,3.48,0,6.2,2.8,Female,Cairo,0
22.6,92.5,2.52,1,6.4,6.0,Male,Giza,1
16.1,73.2,2.37,5,4.8,0.8,Female,Alexandria,0
8.1,74.3,3.32,2,6.9,2.8,Female,Giza,1
24.2,91.8,3.39,4,6.3,3.8,Female,Cairo,1
19.3,84.3,3.39,2,7.5,2.7,Female,Cairo,1
22.1,69.6,2.33,5,5.7,3.5,Male,Alexandria,1
20.6,100.0,2.77,5,6.4,2.8,Male,Alexandria,1
23.8,76.4,3.42,4,5.8,3.6,Male,Cairo,1
,87.5,2.41,4,5.7,4.4,Male,Alexandria,1
27.4,87.0,2.35,0,7.8,,Female,Alexandria,1
22.5,99.1,3.3,0,6.4,2.8,Female,Cairo,1
22.4,80.4,3.74,5,7.5,2.4,Female,Giza,1
22.5,95.1,2.11,0,5.6,1.9,Male,Alexandria,1
11.3,77.6,1.24,0,7.1,2.5,Male,Alexandria,1
19.0,96.2,1.93,5,4.9,0.8,Female,Alexandria,1
18.4,77.4,2.19,0,6.4,3.6,Female,Cairo,1
21.2,81.4,2.72,3,6.4,5.1,Male,Alexandria,1
,100.0,3.17,0,7.7,5.1,Male,Cairo,1
29.8,88.2,2.71,3,7.2,4.4,Male,Cairo,1
20.6,86.1,2.38,1,6.7,1.1,Female,Alexandria,1
12.7,100.0,2.89,2,8.0,4.8,Female,Cairo,1
9.7,88.6,2.22,0,7.2,1.4,Male,Cairo,1
,76.8,2.77,4,7.6,2.4,Female,Alexandria,1
19.5,92.3,2.42,5,7.9,18.6,Male,Giza,1
15.7,73.2,4.0,3,6.9,0.9,Male,Cairo,1
20.6,96.3,3.29,1,6.6,3.8,Male,Cairo,1
16.2,97.1,2.3,3,7.3,2.9,Female,Cairo,1
,79.3,2.2,1,6.4,2.3,Female,Alexandria,1
15.7,,2.54,1,7.4,1.2,Female,Alexandria,0
19.8,86.8,1.81,4,8.3,,Female,Alexandria,1
,85.1,2.36,4,8.0,1.8,Male,Cairo,1
35.4,75.2,2.36,0,6.5,4.1,Male,Alexandria,1
75.4,90.7,3.33,1,5.4,4.3,Male,Alexandria,1
17.2,64.6,2.54,5,6.9,0.4,Female,Alexandria,1
15.0,80.7,2.33,0,6.8,1.7,Male,Alexandria,0
24.7,81.0,2.0,2,8.3,2.0,Male,Giza,1
13.1,82.3,2.09,3,6.5,0.7,Female,Cairo,0
17.1,88.1,2.76,0,6.7,0.8,Female,Giza,1
19.8,72.7,2.67,4,7.8,2.6,Female,Cairo,1
14.1,90.9,3.48,4,6.4,2.2,Male,Alexandria,1
14.3,83.2,2.42,1,6.8,18.6,Male,Cairo,0
17.1,78.5,3.44,5,9.0,1.7,Female,Cairo,1
7.4,71.3,2.95,1,8.7,3.3,Female,Giza,0
11.3,73.2,2.8,4,7.7,0.7,Male,Giza,1
17.5,,1.6,0,7.3,1.1,Female,Alexandria,1
20.9,75.4,2.03,4,5.8,4.9,Female,Cairo,1
18.9,85.6,3.24,3,7.6,4.5,Male,Cairo,1
,95.6,3.64,4,7.0,0.1,Male,Giza,0
17.2,95.3,2.92,4,7.2,0.5,Male,Cairo,1
24.8,100.0,3.26,3,6.3,3.1,Male,Cairo,1
23.3,82.0,2.56,0,6.9,0.7,Female,Giza,1
19.5,74.1,2.58,2,6.7,2.1,Female,Alexandria,1
,95.2,2.4,3,7.3,,Male,Cairo,1
23.8,,3.38,5,8.7,3.3,Female,Giza,1
16.5,96.2,3.01,3,7.4,0.0,Female,Alexandria,1
13.0,85.1,2.66,5,5.0,0.0,Female,Cairo,1
15.2,97.0,2.6,0,5.8,0.7,Female,Giza,1
28.7,93.5,3.13,2,5.0,4.0,Male,Alexandria,1
21.3,92.2,2.99,3,6.0,2.3,Female,Cairo,1
27.0,90.0,2.3,5,7.6,0.0,Male,Giza,1
17.1,89.0,3.83,1,7.4,3.2,Female,Cairo,1
25.6,87.3,2.95,2,6.2,3.6,Male,Alexandria,1
16.4,87.3,2.81,1,7.3,2.1,Female,Alexandria,1
19.1,,3.69,5,6.0,2.0,Female,Cairo,1
34.9,79.9,3.41,5,5.2,3.2,Male,Giza,1
24.6,100.0,2.75,5,5.3,4.3,Female,Alexandria,1
17.0,83.9,3.12,0,5.9,2.7,Male,Cairo,1
19.5,94.9,2.16,4,8.6,3.3,Male,Alexandria,1
22.0,84.1,2.42,2,5.3,2.4,Male,Cairo,1
27.3,82.5,1.44,3,8.4,,Female,Giza,1
17.1,100.0,3.53,3,8.5,1.1,Male,Alexandria,1
9.6,81.9,1.66,3,6.7,2.9,Female,Cairo,0
18.3,72.2,3.21,2,6.9,2.0,Male,Alexandria,1
20.1,77.9,2.3,3,6.2,2.1,Male,Alexandria,1
20.7,81.8,2.21,0,6.9,3.9,Female,Alexandria,1
27.9,100.0,2.68,3,7.7,3.2,Female,Cairo,1
21.9,87.1,2.96,5,7.0,,Male,Cairo,1
24.9,94.3,3.17,5,8.1,0.1,Female,Giza,1
13.4,75.0,3.86,1,8.4,3.3,Male,Giza,1
25.2,88.5,3.02,0,7.4,1.6,Female,Cairo,1
32.6,91.7,3.33,2,7.3,1.3,Male,Cairo,1
24.6,100.0,2.44,1,6.9,1.2,Female,Cairo,1
21.5,78.0,3.23,5,7.4,4.3,Male,Cairo,1
20.9,91.0,2.89,4,5.6,,Female,Giza,0
30.7,88.0,2.52,5,7.4,1.4,Male,Alexandria,1
14.4,74.8,2.74,3,7.2,0.8,Male,Alexandria,0
19.3,84.8,2.76,5,5.9,2.5,Female,Alexandria,1
22.8,82.4,2.91,4,9.5,1.8,Male,Cairo,1
24.5,61.7,3.04,2,5.8,5.0,Female,Cairo,1
,91.0,2.49,0,5.9,,Female,Cairo,1
21.8,90.4,2.36,4,7.3,0.0,Female,Alexandria,1
18.3,80.6,3.25,0,4.6,2.1,Male,Alexandria,1
20.7,71.6,1.78,5,6.0,2.5,Female,Giza,0
19.2,99.8,2.43,1,5.1,2.7,Male,Giza,1
13.2,87.7,3.73,1,5.8,3.6,Male,Alexandria,1
19.9,95.2,1.18,3,6.8,5.6,Male,Cairo,1
25.3,99.1,2.38,5,7.3,2.0,Male,Cairo,1
14.2,79.8,3.21,4,8.3,1.7,Female,Alexandria,1
,93.1,1.81,0,7.9,,Male,Cairo,1
24.0,82.6,4.0,1,8.4,2.9,Male,Alexandria,1
13.6,84.4,1.25,3,7.6,18.6,Female,Alexandria,0
21.1,84.1,3.66,1,6.4,2.1,Male,Cairo,1
13.6,85.0,3.73,1,8.3,4.3,Male,Giza,1
26.8,96.1,3.35,2,6.4,2.5,Female,Cairo,1
33.9,86.2,,1,6.2,4.8,Female,Cairo,1
32.1,83.5,3.01,3,8.8,3.0,Female,Giza,1
18.7,82.2,2.26,0,7.9,0.9,Female,Alexandria,1
24.4,88.4,3.29,1,7.2,1.5,Female,Giza,1
20.7,76.1,2.13,5,7.8,0.2,Male,Giza,1
,80.0,2.64,4,8.0,0.0,Female,Cairo,1
29.3,84.5,3.4,0,5.3,2.9,Female,Alexandria,1
75.4,79.3,2.13,1,6.8,3.8,Female,Cairo,1
26.3,83.8,2.58,5,5.5,5.4,Male,Cairo,1
19.7,78.9,2.9,5,7.1,2.4,Male,Cairo,1
28.5,100.0,1.99,0,6.1,2.1,Female,Cairo,1
21.1,98.3,3.5,5,8.6,0.8,Male,Alexandria,1
16.0,89.5,3.0,1,7.6,4.0,Female,Alexandria,1
21.7,84.5,1.89,0,6.0,3.1,Male,Giza,1
24.4,100.0,2.77,1,6.9,1.6,Female,Cairo,1
20.2,88.2,2.33,3,5.5,3.5,Female,Alexandria,1
22.9,84.1,2.41,5,7.0,3.3,Female,Cairo,1
16.9,88.0,2.85,5,7.6,0.0,Male,Cairo,1
7.2,88.1,2.37,0,7.2,3.6,Female,Alexandria,1
25.4,99.1,3.38,2,4.6,2.7,Male,Cairo,1
24.2,84.8,2.38,5,6.5,1.9,Female,Giza,1
20.9,100.0,3.39,5,7.5,1.9,Female,Cairo,1
20.4,76.2,2.77,1,7.3,5.1,Male,Cairo,1
,91.9,3.31,1,8.3,4.8,Female,Giza,1
17.3,75.0,2.48,5,5.4,5.2,Male,Giza,0
15.8,100.0,,2,7.6,0.8,Female,Cairo,1
18.9,81.7,2.11,4,6.2,1.5,Female,Cairo,1
27.1,84.4,3.15,2,7.2,3.9,Female,Alexandria,1
11.7,94.2,3.36,1,7.4,0.7,Female,Cairo,1
27.2,97.6,4.0,5,7.8,1.4,Male,Cairo,1
,73.9,3.57,3,6.2,0.0,Female,Alexandria,1
13.4,81.5,,3,7.2,5.3,Female,Alexandria,1
27.6,71.1,2.67,0,5.5,4.1,Male,Cairo,1
19.4,86.4,3.03,1,5.2,3.2,Female,Cairo,1
12.2,84.0,2.78,2,7.6,2.8,Female,Cairo,1
17.8,81.5,3.68,3,6.9,1.9,Female,Alexandria,1
25.6,78.2,3.37,0,5.0,1.9,Female,Cairo,1
27.2,81.1,2.3,1,5.9,3.4,Male,Giza,1
17.4,77.5,2.39,4,7.0,,Female,Cairo,1
22.4,90.3,3.62,3,8.8,4.3,Female,Alexandria,1
24.3,100.0,2.98,3,8.2,1.8,Male,Alexandria,1
16.1,65.7,2.66,5,7.9,1.2,Female,Giza,1
22.1,83.8,3.51,1,4.8,4.4,Male,Alexandria,1
19.8,80.8,2.57,0,6.8,2.3,Male,Giza,1
16.8,89.9,2.63,0,7.5,3.3,Male,Alexandria,1
17.0,75.5,2.52,5,7.4,1.9,Female,Cairo,1
20.4,83.5,1.62,5,7.4,0.0,Female,Cairo,1
20.2,74.6,3.32,3,6.7,3.3,Female,Alexandria,1
16.6,92.0,2.07,0,9.0,0.5,Male,Alexandria,1
17.4,86.0,2.46,0,8.7,4.1,Female,Alexandria,1
26.7,83.4,2.35,1,6.8,0.2,Female,Alexandria,1
21.3,88.7,3.24,0,5.8,0.0,Male,Cairo,1
25.3,,2.76,0,9.4,3.0,Female,Alexandria,1
27.2,69.5,2.81,1,6.3,3.1,Female,Alexandria,1
23.5,91.0,1.79,2,8.4,2.7,Male,Cairo,1
33.6,87.9,2.75,4,9.2,0.7,Male,Cairo,1
15.0,83.5,1.91,2,5.8,3.8,Female,Alexandria,0
24.9,94.8,2.98,4,7.3,0.3,Female,Alexandria,1
18.1,97.2,3.02,3,6.5,1.8,Male,Cairo,1
31.1,74.1,2.79,5,7.5,1.3,Female,Alexandria,1
30.2,77.2,4.0,1,7.3,1.9,Male,Alexandria,1
8.3,,3.12,5,9.3,3.8,Female,Cairo,1
14.2,99.2,3.16,1,7.6,1.5,Male,Cairo,1
24.0,77.6,2.89,0,6.9,3.3,Female,Alexandria,1
24.7,73.2,2.68,4,8.3,3.5,Female,Giza,1
24.4,78.6,3.38,3,6.6,0.0,Female,Alexandria,1
19.6,80.0,3.46,1,6.5,0.8,Female,Cairo,1
22.7,69.2,2.02,0,9.6,1.9,Male,Alexandria,1
23.9,85.3,3.43,1,5.9,1.6,Male,Alexandria,1
19.5,72.2,,3,6.3,3.0,Male,Giza,1
26.2,72.9,3.38,2,7.0,0.0,Male,Cairo,1
6.4,94.2,3.08,0,5.7,3.6,Male,Alexandria,1
23.8,78.2,2.05,1,4.4,3.6,Male,Alexandria,1
13.8,84.3,2.1,3,8.2,2.2,Female,Giza,1
25.8,91.3,3.89,4,6.0,0.4,Female,Alexandria,1
18.6,93.1,2.95,3,6.3,2.5,Female,Cairo,1
14.7,81.6,1.95,0,6.5,1.7,Female,Alexandria,1
22.2,85.4,3.01,0,5.8,3.3,Female,Alexandria,1
14.5,76.7,,1,5.6,2.4,Female,Cairo,1
14.5,100.0,1.69,4,7.1,3.6,Male,Cairo,1
10.6,91.5,1.43,2,9.8,1.9,Female,Cairo,1
19.8,74.0,1.84,0,7.8,,Female,Alexandria,1
23.0,85.0,2.96,1,7.8,0.0,Male,Alexandria,1
26.1,92.1,2.77,3,5.1,1.0,Female,Cairo,1
19.1,89.8,2.65,5,6.9,,Female,Cairo,1
,100.0,2.97,1,5.5,0.2,Female,Alexandria,1
20.1,98.7,3.16,2,7.9,3.6,Female,Alexandria,1
19.4,79.6,1.54,1,6.7,0.7,Female,Alexandria,1
23.4,84.1,2.62,2,7.0,,Male,Cairo,1
26.4,72.2,2.3,2,6.8,1.1,Female,Cairo,1
18.0,87.5,2.06,2,6.2,1.8,Female,Alexandria,0
18.5,86.5,2.47,0,5.1,2.8,Male,Cairo,1
19.0,100.0,2.73,4,7.6,2.3,Female,Cairo,1
20.5,86.0,2.64,3,5.3,1.9,Female,Cairo,1
14.6,64.1,1.93,1,5.5,5.7,Female,Alexandria,0
26.2,78.3,2.51,2,6.6,2.5,Female,Cairo,1
17.6,86.1,4.0,4,6.1,1.0,Female,Giza,1
22.8,72.4,2.17,4,7.2,3.9,Male,Cairo,0
15.0,76.3,1.79,5,8.1,3.7,Male,Cairo,1
15.5,86.5,2.69,1,6.4,1.7,Male,Giza,1
19.3,75.7,2.48,1,6.6,5.0,Male,Cairo,1
16.8,76.7,2.45,2,4.4,4.4,Male,Alexandria,1
25.5,,,4,8.4,1.4,Male,Cairo,1
23.6,97.1,2.15,2,6.7,3.8,Male,Alexandria,1
19.2,80.5,2.26,5,6.9,4.3,Male,Giza,1
25.4,77.5,2.97,5,5.7,0.7,Female,Cairo,1
19.6,92.7,1.52,2,5.8,0.1,Female,Giza,1
16.4,87.3,2.81,1,7.3,2.1,Female,Alexandria,1
19.6,84.6,3.19,0,6.5,5.2,Male,Giza,1
19.0,96.2,1.93,5,4.9,0.8,Female,Alexandria,1
18.0,83.9,,1,6.6,2.0,Female,Alexandria,1
18.8,82.9,2.29,0,6.0,2.0,Male,Cairo,1
23.8,78.2,2.05,1,4.4,3.6,Male,Alexandria,1
27.2,81.1,2.3,1,5.9,3.4,Male,Giza,1
13.6,85.0,3.73,1,8.3,4.3,Male,Giza,1
20.5,79.0,2.62,1,8.3,3.9,Female,Cairo,1
19.3,84.8,2.76,5,5.9,2.5,Female,Alexandria,1
23.2,93.0,2.74,5,5.0,0.0,Male,Alexandria,1
25.3,87.2,2.72,0,6.6,3.0,Male,Giza,1
